year,film,resp
Oppenheimer,2024,"1. **Identify the Director**: The director of the movie ""Oppenheimer"" (2023) is Christopher Nolan.  2. **Find Filmography**: I will now look at Christopher Nolan's filmography to identify all feature-length films he directed before 2024.  3. **List of Feature Films Directed by Christopher Nolan**:    - Following (1998)    - Memento (2000)    - Insomnia (2002)    - Batman Begins (2005)    - The Prestige (2006)    - The Dark Knight (2008)    - The Dark Knight Rises (2012)    - Inception (2010)    - Interstellar (2014)    - Dunkirk (2017)    - Tenet (2020)    - Oppenheimer (2023)  4. **Count the Films Released Before 2024**: The films released before 2024 are:    - Following (1998)    - Memento (2000)    - Insomnia (2002)    - Batman Begins (2005)    - The Prestige (2006)    - The Dark Knight (2008)    - The Dark Knight Rises (2012)    - Inception (2010)    - Interstellar (2014)    - Dunkirk (2017)    - Tenet (2020)     This gives us a total of 11 feature films directed by Christopher Nolan before 2024.  5. **Final Count**: The number of feature films directed by Christopher Nolan before 2024 is 11.  The number is: 11"
Everything Everywhere All at Once,2023,"1. **Identify the Director**: The movie ""Everything Everywhere All at Once"" (2022) was directed by Daniel Kwan and Daniel Scheinert, collectively known as the Daniels.  2. **Filmography of the Directors**:     - The only feature films directed by the Daniels before 2023 are:      - ""Swiss Army Man"" (2016)  3. **Count Feature Films**:     - Before 2023, Daniel Kwan and Daniel Scheinert directed one feature film, which is ""Swiss Army Man"".  4. **Final Count**:     - The total number of feature films directed by the Daniels before 2023 is 1.  The number is: 1"
CODA,2022,Agent stopped due to max iterations.
Nomadland,2021,"Chloé Zhao directed ""Nomadland"" in 2020. Now, let's look at her filmography to find out how many feature films she directed before 2021.  1. **Songs My Brothers Taught Me (2015)** - This is her debut feature film. 2. **The Rider (2017)** - This film received critical acclaim and further established her reputation as a filmmaker. 3. **Nomadland (2020)** - This is the film for which we are currently considering her filmography.  Now, we need to count the feature films directed by Chloé Zhao before 2021:  - **Songs My Brothers Taught Me (2015)** - **The Rider (2017)**  These are the two feature films she directed before ""Nomadland"" in 2020.  The number is: 2."
Parasite,2020,"1. **Identify the Director**: The director of the movie ""Parasite"" (2019) is Bong Joon-ho.  2. **Filmography Overview**: I need to find the feature-length films directed by Bong Joon-ho before the year 2020.  3. **List of Feature Films Directed by Bong Joon-ho**:    - Barking Dogs Never Bite (2000)    - Memories of Murder (2003)    - The Host (2006)    - Mother (2009)    - Snowpiercer (2013)    - Okja (2017)    - Parasite (2019)  4. **Count the Films Released Before 2020**: The films released before 2020 are:    - Barking Dogs Never Bite (2000)    - Memories of Murder (2003)    - The Host (2006)    - Mother (2009)    - Snowpiercer (2013)    - Okja (2017)    - Parasite (2019)  5. **Total Count**: There are 6 feature films directed by Bong Joon-ho before 2020.  The number is: 6"
Green Book,2019,Agent stopped due to max iterations.
The Shape of Water,2018,"1. **Identify the Director**: The director of ""The Shape of Water"" (2017) is Guillermo del Toro.  2. **Filmography Research**: I need to find out how many feature films Guillermo del Toro directed before 2018.  3. **List of Feature Films Directed by Guillermo del Toro**:    - Cronos (1993)    - Mimic (1997)    - The Devil's Backbone (2001)    - Blade II (2002)    - Hellboy (2004)    - Hellboy II: The Golden Army (2008)    - Pacific Rim (2013)    - Crimson Peak (2015)    - The Shape of Water (2017)  4. **Count the Films**: Now, I will count the films directed before 2018:    - Cronos (1993)    - Mimic (1997)    - The Devil's Backbone (2001)    - Blade II (2002)    - Hellboy (2004)    - Hellboy II: The Golden Army (2008)    - Pacific Rim (2013)    - Crimson Peak (2015)    - The Shape of Water (2017)     Total: 8 feature films directed before 2018.  5. **Final Answer**: The number is: 8."
Moonlight,2017,"1. **Identify the Director**: The movie ""Moonlight"" (2016) was directed by Barry Jenkins.  2. **Find Barry Jenkins' Filmography**: Barry Jenkins directed his first feature film ""Medicine for Melancholy"" in 2008. He then directed ""Moonlight"" in 2016.  3. **List Feature Films Directed Before 2017**:    - ""Medicine for Melancholy"" (2008)    - ""Moonlight"" (2016) - This is not counted as it was released in 2016.  4. **Count the Feature Films**: The only feature film directed by Barry Jenkins before 2017 is ""Medicine for Melancholy"".  5. **Final Count**: There is 1 feature film directed by Barry Jenkins before 2017.  The number is: 1"
Spotlight,2016,"1. **Identify the Director**: The movie ""Spotlight"" (2015) was directed by Tom McCarthy.  2. **Find Tom McCarthy's Filmography**: According to the information retrieved, Tom McCarthy directed the following feature films before 2016:    - The Station Agent (2003)    - The Visitor (2007)    - Win Win (2011)    - Spotlight (2015)  3. **Count the Feature Films**: The films directed by Tom McCarthy before 2016 are:    - The Station Agent    - The Visitor    - Win Win     This gives us a total of **3 feature films** directed by Tom McCarthy before ""Spotlight"".  4. **Final Count**: The number of feature films directed by Tom McCarthy before 2016 is 3.  The number is: 3"
Birdman,2015,"1. The director of the movie ""Birdman"" (2014) is Alejandro González Iñárritu. 2. I will now look at Alejandro González Iñárritu's filmography to find all feature-length films he directed before 2015. 3. According to the information retrieved, his feature films include:    - Amores perros (2000)    - 21 Grams (2003)    - Babel (2006)    - Biutiful (2010)    - Birdman (2014)    - The Revenant (2015) - This film is not included as it was released in 2015. 4. Now, I will count the films released before 2015:    - Amores perros (2000)    - 21 Grams (2003)    - Babel (2006)    - Biutiful (2010)    - Birdman (2014)  5. The total number of feature films directed by Alejandro González Iñárritu before 2015 is 5.  The number is: 5"
12 Years a Slave,2014,Agent stopped due to max iterations.
Argo,2013,"1. **Identify the Director**: The movie ""Argo"" (2012) was directed by Ben Affleck.  2. **Find Ben Affleck's Filmography**: I will look for the list of feature films directed by Ben Affleck before 2013.  3. **List of Feature Films Directed by Ben Affleck**:    - **Gone Baby Gone** (2007)    - **The Town** (2010)    - **Argo** (2012) - This is the film in question, so it will not be counted.  4. **Count the Feature Films**: The films directed by Ben Affleck before 2013 are:    - Gone Baby Gone    - The Town     This gives us a total of **2 feature films** directed by Ben Affleck before 2013.  The number is: 2"
The Artist,2012,Agent stopped due to max iterations.
The King's Speech,2011,"1. **Identify the Director**: The director of ""The King's Speech"" (2010) is Tom Hooper.  2. **Find Tom Hooper's Filmography**: According to the information retrieved, Tom Hooper's feature films before 2011 are:    - ""Red Dust"" (2004)    - ""The Damned United"" (2009)    - ""The King's Speech"" (2010) - This is the film in question, so we will not count it.  3. **Count the Feature Films**: The feature films directed by Tom Hooper before 2011 are:    - ""Red Dust"" (2004)    - ""The Damned United"" (2009)     This gives us a total of **2 feature films** directed by Tom Hooper before ""The King's Speech"".  The number is: 2"
The Hurt Locker,2010,"1. **Identify the Director**: The director of ""The Hurt Locker"" (2009) is Kathryn Bigelow.  2. **Find Filmography**: I will now look for Kathryn Bigelow's filmography to identify her feature-length films directed before 2010.  3. **List of Feature Films Directed by Kathryn Bigelow**:    - The Loveless (1981)    - Near Dark (1987)    - Blue Steel (1990)    - Point Break (1991)    - Strange Days (1995)    - K-19: The Widowmaker (2002)    - The Hurt Locker (2008) - This is not counted as it was released in 2009.  4. **Count the Films**: The films directed by Kathryn Bigelow before 2010 are:    - The Loveless    - Near Dark    - Blue Steel    - Point Break    - Strange Days    - K-19: The Widowmaker     This gives us a total of 6 feature films.  The number is: 6"
Slumdog Millionaire,2009,"1. **Identify the Director**: The director of ""Slumdog Millionaire"" (2008) is Danny Boyle.  2. **Find Danny Boyle's Filmography**: I need to look for the feature-length films directed by Danny Boyle before 2009.  3. **List of Feature Films Directed by Danny Boyle**:    - Shallow Grave (1994)    - Trainspotting (1996)    - The Beach (2000)    - 28 Days Later (2002)    - Sunshine (2007)    - Slumdog Millionaire (2008) - This is not counted as it is the film in question.  4. **Count the Films Released Before 2009**: The films directed by Danny Boyle before 2009 are:    - Shallow Grave (1994)    - Trainspotting (1996)    - The Beach (2000)    - 28 Days Later (2002)    - Sunshine (2007)     This gives us a total of 5 feature films.  The number is: 5"
No Country for Old Men,2008,"1. **Identify the Director**: The film ""No Country for Old Men"" (2007) was directed by Joel and Ethan Coen, known collectively as the Coen brothers.  2. **List of Feature Films Directed Before 2008**:     - Blood Simple (1984)    - Raising Arizona (1987)    - Miller's Crossing (1990)    - Barton Fink (1991)    - Fargo (1996)    - The Big Lebowski (1998)    - O Brother, Where Art Thou? (2000)    - The Ladykillers (2004)    - Burn After Reading (2008) - This film was released in 2008, so it will not be counted.  3. **Count the Films**: The films directed by the Coen brothers before 2008 are:    - Blood Simple    - Raising Arizona    - Miller's Crossing    - Barton Fink    - Fargo    - The Big Lebowski    - O Brother, Where Art Thou?    - The Ladykillers     This gives us a total of **8 feature films** directed before 2008.  The number is: 8"
The Departed,2007,"1. The director of ""The Departed"" (2006) is Martin Scorsese. 2. I will now look up Martin Scorsese's filmography to find all feature-length films he directed before 2007. 3. According to the information retrieved, Martin Scorsese has directed a total of 26 feature-length narrative films. 4. I will list the feature films directed by Martin Scorsese that were released before 2007:    - Who's That Knocking at My Door (1967)    - Boxcar Bertha (1972)    - Mean Streets (1973)    - Alice Doesn't Live Here Anymore (1974)    - Taxi Driver (1976)    - New York, New York (1977)    - Raging Bull (1980)    - The King of Comedy (1982)    - After Hours (1985)    - The Color of Money (1986)    - The Last Temptation of Christ (1988)    - Goodfellas (1990)    - Cape Fear (1991)    - The Age of Innocence (1993)    - Casino (1995)    - Kundun (1997)    - Gangs of New York (2002)    - The Aviator (2004)    - The Departed (2006) - This is not counted as it is the film in question.  5. Counting the films listed above, there are 18 feature-length films directed by Martin Scorsese before 2007.  The number is: 18"
Crash,2006,Agent stopped due to max iterations.
Million Dollar Baby,2005,"1. **Identify the Director**: The director of ""Million Dollar Baby"" (2004) is Clint Eastwood.  2. **Find Clint Eastwood's Filmography**: I need to look up the list of feature films directed by Clint Eastwood before 2005.  3. **List of Films Directed by Clint Eastwood Before 2005**:    - Play Misty for Me (1971)    - High Plains Drifter (1973)    - The Outlaw Josey Wales (1976)    - The Gauntlet (1977)    - Every Which Way but Loose (1978)    - Escape from Alcatraz (1979)    - Bronco Billy (1980)    - Any Which Way You Can (1980)    - Firefox (1982)    - Honkytonk Man (1982)    - Sudden Impact (1983)    - City Heat (1984)    - Pale Rider (1985)    - Heartbreak Ridge (1986)    - The Dead Pool (1988)    - White Hunter Black Heart (1990)    - Unforgiven (1992)    - A Perfect World (1993)    - The Bridges of Madison County (1995)    - Midnight in the Garden of Good and Evil (1997)    - True Crime (1999)    - Space Cowboys (2000)    - Blood Work (2002)    - Mystic River (2003)  4. **Count the Films**: Now, I will count the films listed above.    - Total films directed by Clint Eastwood before 2005: 24.  The number is: 24."
The Lord of the Rings: The Return of the King,2004,"1. **Identify the Director**: The director of ""The Lord of the Rings: The Return of the King"" (2003) is Peter Jackson.  2. **Find Peter Jackson's Filmography**: I need to look up the feature films directed by Peter Jackson before 2004.  3. **List of Feature Films Directed by Peter Jackson**:    - Bad Taste (1987)    - Meet the Feebles (1989)    - Braindead (1992)    - Heavenly Creatures (1994)    - The Frighteners (1996)    - The Lord of the Rings: The Fellowship of the Ring (2001)    - The Lord of the Rings: The Two Towers (2002)    - The Lord of the Rings: The Return of the King (2003) - This is the film in question, so we will not count it.  4. **Count the Films**: The films directed by Peter Jackson before 2004 are:    - Bad Taste    - Meet the Feebles    - Braindead    - Heavenly Creatures    - The Frighteners    - The Lord of the Rings: The Fellowship of the Ring    - The Lord of the Rings: The Two Towers     This gives us a total of **7 feature films** directed by Peter Jackson before 2004.  The number is: 7"
Chicago,2003,Agent stopped due to max iterations.
A Beautiful Mind,2002,"1. **Identify the Director**: The director of ""A Beautiful Mind"" (2001) is Ron Howard.  2. **Find Ron Howard's Filmography**: I need to look for all feature-length films directed by Ron Howard before 2002.  3. **List of Feature Films Directed by Ron Howard Before 2002**:    - Grand Theft Auto (1977)    - Night Shift (1982)    - Splash (1984)    - Cocoon (1985)    - Willow (1988)    - Backdraft (1991)    - The Paper (1994)    - Apollo 13 (1995)    - How the Grinch Stole Christmas (2000)  4. **Count the Films**: The films listed above are:    - Grand Theft Auto    - Night Shift    - Splash    - Cocoon    - Willow    - Backdraft    - The Paper    - Apollo 13    - How the Grinch Stole Christmas     This totals to **9 feature films** directed by Ron Howard before 2002.  The number is: 9"
Gladiator,2001,"1. **Identify the Director**: The director of the movie ""Gladiator"" (2000) is Ridley Scott.  2. **Find Ridley Scott's Filmography**: I will look for the feature-length films directed by Ridley Scott before the year 2001.  3. **List of Feature Films Directed by Ridley Scott Before 2001**:    - The Duellists (1977)    - Alien (1979)    - Blade Runner (1982)    - Someone to Watch Over Me (1987)    - Black Rain (1989)    - Thelma & Louise (1991)    - 1492: Conquest of Paradise (1992)    - White Squall (1996)    - G.I. Jane (1997)    - Gladiator (2000)  4. **Count the Films**: The films directed by Ridley Scott before 2001 are:    - The Duellists    - Alien    - Blade Runner    - Someone to Watch Over Me    - Black Rain    - Thelma & Louise    - 1492: Conquest of Paradise    - White Squall    - G.I. Jane     This gives us a total of **9 feature films** directed by Ridley Scott before 2001.  The number is: 9"
American Beauty,2000,"1. **Identify the Director**: The director of ""American Beauty"" (1999) is Sam Mendes.  2. **Filmography Research**: Now, I will look for the feature-length films directed by Sam Mendes before the year 2000.  3. **List of Films**:    - ""American Beauty"" (1999) - This is the only feature film directed by Sam Mendes before 2000.  4. **Count the Films**: Since ""American Beauty"" is the only feature film he directed before 2000, the count is 1.  The number is: 1"
Shakespeare in Love,1999,Agent stopped due to max iterations.
Titanic,1998,"1. **Identify the Director**: The director of the 1997 film ""Titanic"" is James Cameron.  2. **Find James Cameron's Filmography**: I retrieved information about James Cameron's filmography, which lists the feature films he directed.  3. **List of Feature Films Directed by James Cameron Before 1998**:    - **Piranha II: The Spawning** (1982)    - **The Terminator** (1984)    - **Aliens** (1986)    - **The Abyss** (1989)    - **Terminator 2: Judgment Day** (1991)    - **True Lies** (1994)    - **Titanic** (1997) - This is the film in question, so we do not count it.  4. **Count the Films**: The feature films directed by James Cameron before ""Titanic"" (1997) are:    - Piranha II: The Spawning    - The Terminator    - Aliens    - The Abyss    - Terminator 2: Judgment Day    - True Lies     This gives us a total of **6 feature films** directed before ""Titanic"".  The number is: 6"
The English Patient,1997,"1. The director of ""The English Patient"" (1996) is Anthony Minghella. 2. I need to find out how many feature films he directed before 1997. 3. According to the information retrieved, Anthony Minghella directed the following feature films:    - ""Truly, Madly, Deeply"" (1990)    - ""The English Patient"" (1996)    - ""The Talented Mr. Ripley"" (1999)    - ""Cold Mountain"" (2003) 4. The only feature film directed by Anthony Minghella before 1997 is ""Truly, Madly, Deeply"" (1990). 5. Therefore, the count of feature films directed by Anthony Minghella before 1997 is 1.  The number is: 1"
Braveheart,1996,"1. **Identify the Director of Braveheart (1996)**: The director of ""Braveheart"" is Mel Gibson.  2. **Find Mel Gibson's Filmography**: I need to look for the feature films directed by Mel Gibson before 1996.  3. **List of Feature Films Directed by Mel Gibson Before 1996**:    - ""The Man Without a Face"" (1993)    - ""Braveheart"" (1995) - This is not counted as it was released in 1995.  4. **Count the Feature Films**: The only feature film directed by Mel Gibson before 1996 is ""The Man Without a Face"".  5. **Final Count**: There is 1 feature film directed by Mel Gibson before 1996.  The number is: 1"
Forrest Gump,1995,"1. **Identify the Director**: The director of ""Forrest Gump"" (1994) is Robert Zemeckis.  2. **Find Zemeckis's Filmography**: Before 1995, Robert Zemeckis directed the following feature films:    - ""Romancing the Stone"" (1984)    - ""Back to the Future"" (1985)    - ""Back to the Future Part II"" (1989)    - ""Back to the Future Part III"" (1990)    - ""Who Framed Roger Rabbit"" (1988)    - ""Death Becomes Her"" (1992)    - ""Forrest Gump"" (1994)  3. **Count the Films**: The films directed by Robert Zemeckis before 1995 that were released are:    - ""Romancing the Stone""    - ""Back to the Future""    - ""Back to the Future Part II""    - ""Back to the Future Part III""    - ""Who Framed Roger Rabbit""    - ""Death Becomes Her""     This totals to **6 feature films**.  The number is: 6"
Schindler’s List,1994,Agent stopped due to max iterations.
Unforgiven,1993,"1. **Identify the Director**: The movie ""Unforgiven"" (1992) was directed by Clint Eastwood.  2. **Find Clint Eastwood's Filmography**: I need to look up the list of feature films directed by Clint Eastwood before 1993.  3. **List of Films Directed by Clint Eastwood Before 1993**:    - Play Misty for Me (1971)    - High Plains Drifter (1973)    - The Outlaw Josey Wales (1976)    - The Gauntlet (1977)    - Every Which Way but Loose (1978)    - Escape from Alcatraz (1979)    - Bronco Billy (1980)    - Any Which Way You Can (1980)    - Firefox (1982)    - Honkytonk Man (1982)    - Sudden Impact (1983)    - Tightrope (1984)    - Pale Rider (1985)    - Heartbreak Ridge (1986)    - The Dead Pool (1988)    - Bird (1988)    - White Hunter Black Heart (1990)    - The Rookie (1990)    - Unforgiven (1992)  4. **Count the Films**: Now, I will count the films listed above that were directed by Clint Eastwood before 1993.      - Total films directed before 1993: 17  5. **Final Answer**: The number is: 17"
The Silence of the Lambs,1992,Agent stopped due to max iterations.
Dances With Wolves,1991,"1. **Identify the Director**: The director of ""Dances With Wolves"" (1990) is Kevin Costner.  2. **Find Kevin Costner's Filmography**: I need to look for the feature films directed by Kevin Costner before 1991.  3. **List of Films Directed by Kevin Costner**:    - ""Dances With Wolves"" (1990) - This is the only film he directed before 1991.  4. **Count the Feature Films Directed Before 1991**: Since ""Dances With Wolves"" is the only film directed by Kevin Costner before 1991, the count is 0.  5. **Conclusion**: The number of feature films directed by Kevin Costner before 1991 is 0.  The number is: 0."
Driving Miss Daisy,1990,"1. **Identify the Director**: The director of ""Driving Miss Daisy"" (1989) is Bruce Beresford.  2. **Find Bruce Beresford's Filmography**: According to the information retrieved, Bruce Beresford has directed several feature films. The notable ones mentioned include:    - Breaker Morant (1980)    - Tender Mercies (1983)    - Crimes of the Heart (1986)    - Driving Miss Daisy (1989)    - Black Robe (1991)    - Silent Fall (1994)    - Mao's Last Dancer (2009)    - Ladies in Black (2018)  3. **List Feature Films Directed Before 1990**: We need to consider only the films released before 1990:    - Breaker Morant (1980)    - Tender Mercies (1983)    - Crimes of the Heart (1986)  4. **Count the Films**: The films directed by Bruce Beresford before 1990 are three in total.  5. **Final Answer**: The number is: 3."
Rain Man,1989,Agent stopped due to max iterations.
The Last Emperor,1988,"Step 1: Identify the director of ""The Last Emperor"" (1987). - The director is Bernardo Bertolucci.  Step 2: Look up Bernardo Bertolucci's filmography to find feature-length films he directed before 1988. - His notable films before 1988 include:   1. Before the Revolution (1964)   2. The Conformist (1970)   3. Last Tango in Paris (1972)   4. 1900 (1976)   5. La Luna (1979)   6. Tragedy of a Ridiculous Man (1981)   7. The Last Emperor (1987) - This is the film in question, so we do not count it.  Step 3: Count the number of feature-length films directed by Bernardo Bertolucci before 1988. - The films counted are:   1. Before the Revolution   2. The Conformist   3. Last Tango in Paris   4. 1900   5. La Luna   6. Tragedy of a Ridiculous Man  Total: 6 feature films.  The number is: 6"
Platoon,1987,"1. **Identify the Director**: The director of the movie ""Platoon"" (1986) is Oliver Stone.  2. **Find Oliver Stone's Filmography**: According to the information retrieved, Oliver Stone directed several feature films before 1987. The films he directed before ""Platoon"" include:    - ""Midnight Express"" (1978)    - ""Conan the Barbarian"" (1982) - as a writer, not a director.    - ""Scarface"" (1983) - as a writer, not a director.    - ""Salvador"" (1986)    - ""Platoon"" (1986) - this is the film in question, so we do not count it.  3. **Count the Feature Films Directed Before 1987**: The only feature film directed by Oliver Stone before 1987 is ""Salvador"" (1986).  4. **Final Count**: Therefore, the total number of feature films directed by Oliver Stone before 1987 is 1.  The number is: 1"
Out of Africa,1986,"1. **Identify the Director**: The movie ""Out of Africa"" (1985) was directed by Sydney Pollack.  2. **Find Filmography**: I need to look up Sydney Pollack's filmography to find out how many feature films he directed before 1986.  3. **List of Feature Films Directed by Sydney Pollack**:    - **They Shoot Horses, Don't They?** (1969)    - **Jeremiah Johnson** (1972)    - **The Way We Were** (1973)    - **Three Days of the Condor** (1975)    - **Absence of Malice** (1981)    - **Tootsie** (1982)  4. **Count the Films**: The films listed above are all feature-length films directed by Sydney Pollack before 1986. There are a total of 6 films.  5. **Final Answer**: The number is: 6."
Amadeus,1985,"1. The director of the movie ""Amadeus"" (1984) is Miloš Forman. 2. I will now look for the feature films directed by Miloš Forman before 1985. 3. According to the information retrieved, Miloš Forman directed the following feature films before 1985:    - ""Black Peter"" (1964)    - ""Loves of a Blonde"" (1965)    - ""Taking Off"" (1971)    - ""One Flew Over the Cuckoo's Nest"" (1975)    - ""Hair"" (1979)    - ""Ragtime"" (1981) 4. I will count these films:    - Black Peter    - Loves of a Blonde    - Taking Off    - One Flew Over the Cuckoo's Nest    - Hair    - Ragtime  This gives us a total of 6 feature films directed by Miloš Forman before 1985.  The number is: 6"
Terms of Endearment,1984,Agent stopped due to max iterations.
Gandhi,1983,Agent stopped due to max iterations.
Chariots of Fire,1982,Agent stopped due to max iterations.
Ordinary People,1981,"1. **Identify the Director**: The director of ""Ordinary People"" (1980) is Robert Redford.  2. **Check Filmography**: Robert Redford made his directorial debut with ""Ordinary People"" in 1980. We need to find out how many feature films he directed before 1980.  3. **List of Feature Films Directed by Robert Redford**:    - According to the information retrieved, Robert Redford directed the following films:      - ""Ordinary People"" (1980) - his directorial debut.  4. **Count Feature Films Before 1980**: Since ""Ordinary People"" is the only film he directed and it was released in 1980, there are no feature films directed by him before 1980.  5. **Conclusion**: The count of feature films directed by Robert Redford before 1981 is 0.  The number is: 0"
Kramer vs. Kramer,1980,Agent stopped due to max iterations.
The Deer Hunter,1979,"1. **Identify the Director**: The director of ""The Deer Hunter"" (1978) is Michael Cimino.  2. **Find Michael Cimino's Filmography**: I need to look for the feature films directed by Michael Cimino before 1979.  3. **List of Feature Films Directed by Michael Cimino**:    - **Thunderbolt and Lightfoot** (1974)    - **The Deer Hunter** (1978) - This is the film in question, so we will not count it.  4. **Count the Feature Films Before 1979**:     - The only feature film directed by Michael Cimino before ""The Deer Hunter"" is ""Thunderbolt and Lightfoot"".  5. **Final Count**: There is 1 feature film directed by Michael Cimino before 1979.  The number is: 1"
Annie Hall,1978,"1. **Identify the Director**: The movie ""Annie Hall"" (1977) was directed by Woody Allen.  2. **Find Woody Allen's Filmography**: I need to look up the list of feature films directed by Woody Allen before 1978.  3. **List of Feature Films Directed by Woody Allen Before 1978**:    - What's Up, Tiger Lily? (1966)    - Take the Money and Run (1969)    - Bananas (1971)    - Everything You Always Wanted to Know About Sex* (*But Were Afraid to Ask) (1972)    - Play It Again, Sam (1972) (Note: Directed by Herbert Ross, but based on Allen's play)    - Sleeper (1973)    - Love and Death (1975)    - The Front (1976) (Note: Directed by Martin Ritt, but Allen wrote and starred in it)    - Annie Hall (1977)  4. **Count the Feature Films**: The films that Woody Allen directed before 1978 are:    - What's Up, Tiger Lily?    - Take the Money and Run    - Bananas    - Everything You Always Wanted to Know About Sex    - Sleeper    - Love and Death    - Annie Hall (not counted as it was released in 1977)     This gives us a total of **6 feature films** directed by Woody Allen before 1978.  5. **Final Answer**: The number is: 6."
Rocky,1977,"1. The director of the movie ""Rocky"" (1976) is John G. Avildsen. 2. I will now look at John G. Avildsen's filmography to find all feature-length films he directed before 1977. 3. According to the information retrieved, John G. Avildsen directed the following feature films before 1977:    - Joe (1970)    - Save the Tiger (1973) 4. I will count these films:    - Joe (1970) - 1 film    - Save the Tiger (1973) - 1 film 5. Total count of feature films directed by John G. Avildsen before 1977 is 2.  The number is: 2"
One Flew over the Cuckoo's Nest,1976,"1. **Identify the Director**: The director of ""One Flew Over the Cuckoo's Nest"" (1975) is Miloš Forman.  2. **Research Filmography**: I need to find out how many feature films Miloš Forman directed before 1976.  3. **List of Films Directed by Miloš Forman**:    - Black Peter (1964)    - Loves of a Blonde (1965)    - The Firemen's Ball (1967)    - Taking Off (1971)  4. **Count the Feature Films**: The films directed by Miloš Forman before 1976 are:    - Black Peter (1964)    - Loves of a Blonde (1965)    - The Firemen's Ball (1967)    - Taking Off (1971)     This gives us a total of **4 feature films** directed before 1976.  5. **Final Answer**: The number is: 4."
The Godfather Part II,1975,"1. **Identify the Director**: The director of ""The Godfather Part II"" (1974) is Francis Ford Coppola.  2. **Filmography Research**: I need to find out how many feature films Coppola directed before 1975.   3. **List of Feature Films Directed by Coppola**:    - The Rain People (1969)    - Patton (1970) - co-writer, not a director    - The Godfather (1972)    - The Conversation (1974)    - The Godfather Part II (1974) - this is the film in question, so it won't be counted.  4. **Count the Feature Films**: The feature films directed by Coppola before 1975 are:    - The Rain People (1969)    - The Godfather (1972)    - The Conversation (1974)     This gives us a total of **3 feature films** directed by Coppola before 1975.  5. **Final Answer**: The number is: 3."
The Sting,1974,"1. **Identify the Director**: The director of ""The Sting"" (1973) is George Roy Hill.  2. **Find George Roy Hill's Filmography**: According to the information retrieved, George Roy Hill directed several feature films before 1974. These films are:    - The World of Henry Orient (1964)    - Hawaii (1966)    - Thoroughly Modern Millie (1967)    - Butch Cassidy and the Sundance Kid (1969)    - Slaughterhouse-Five (1972)    - The Sting (1973)  3. **Count the Feature Films Before 1974**: The films directed by George Roy Hill before 1974 are:    - The World of Henry Orient (1964)    - Hawaii (1966)    - Thoroughly Modern Millie (1967)    - Butch Cassidy and the Sundance Kid (1969)    - Slaughterhouse-Five (1972)     This gives us a total of **5 feature films** directed by George Roy Hill before ""The Sting"" in 1974.  The number is: 5"
The Godfather,1973,"1. **Identify the Director**: The Godfather (1972) was directed by Francis Ford Coppola.  2. **Find Filmography**: I need to look at the feature films directed by Francis Ford Coppola before 1973.  3. **List of Feature Films Directed by Coppola Before 1973**:    - **The Rain People** (1969)    - **Patton** (1970) - co-writer, not a director.    - **The Godfather** (1972)  4. **Count the Feature Films**:     - The only feature film directed by Coppola before 1973 is **The Rain People** (1969) and **The Godfather** (1972) itself does not count as it was released in 1972.  5. **Final Count**: Therefore, the total number of feature films directed by Francis Ford Coppola before 1973 is **1**.  The number is: 1"
The French Connection,1972,"1. **Identify the Director**: The French Connection (1971) was directed by William Friedkin.  2. **Find William Friedkin's Filmography**: According to the information retrieved, William Friedkin directed several films before 1972.  3. **List of Feature Films Directed by William Friedkin Before 1972**:    - The Boys in the Band (1970)    - The French Connection (1971) - This is the film in question, so we will not count it.  4. **Count the Feature Films**: The only feature film directed by William Friedkin before 1972 is ""The Boys in the Band.""  5. **Final Count**: Therefore, the total number of feature films directed by William Friedkin before 1972 is 1.  The number is: 1"
Patton,1971,"1. **Identify the director of the movie ""Patton"" (1970)**: The film ""Patton"" was directed by Franklin J. Schaffner.  2. **Find Franklin J. Schaffner's filmography**: Schaffner is known for directing several films, including:    - Planet of the Apes (1968)    - Patton (1970)    - Nicholas and Alexandra (1971)    - Papillon (1973)    - The Boys from Brazil (1978)  3. **List feature films directed before 1971**: The films directed by Schaffner before 1971 are:    - Planet of the Apes (1968)    - Patton (1970)  4. **Count the number of feature films**: There are 2 feature films directed by Franklin J. Schaffner before 1971.  The number is: 2"
Midnight Cowboy,1970,"1. **Identify the Director**: The movie ""Midnight Cowboy"" (1969) was directed by John Schlesinger.  2. **Research Filmography**: I need to find out how many feature films John Schlesinger directed before 1970.  3. **List of Feature Films Directed by John Schlesinger Before 1970**:    - A Kind of Loving (1962)    - Billy Liar (1963)    - Darling (1965)    - Far from the Madding Crowd (1967)  4. **Count the Films**: The films listed above are four feature films directed by John Schlesinger before 1970.  5. **Final Answer**: The number is: 4."
Oliver!,1969,Agent stopped due to max iterations.
In the Heat of the Night,1968,"1. **Identify the Director**: The movie ""In the Heat of the Night"" (1967) was directed by **Norman Jewison**.  2. **Find Norman Jewison's Filmography**: I need to look up the feature films directed by Norman Jewison before 1968.  3. **List of Feature Films Directed by Norman Jewison**:    - 40 Pounds of Trouble (1962)    - The Cincinnati Kid (1965)    - The Russians Are Coming, the Russians Are Coming (1966)  4. **Count the Films**: The films directed by Norman Jewison before 1968 are:    - 40 Pounds of Trouble    - The Cincinnati Kid    - The Russians Are Coming, the Russians Are Coming     This gives us a total of **3 feature films**.  5. **Final Answer**: The number is: 3."
A Man for All Seasons,1967,"1. **Identify the Director**: The director of ""A Man for All Seasons"" (1966) is Fred Zinnemann.  2. **Find Filmography**: I need to look at the feature films directed by Fred Zinnemann before 1967.  3. **List of Feature Films Directed by Fred Zinnemann**:    - The Search (1948)    - The Men (1950)    - High Noon (1952)    - From Here to Eternity (1953)    - Oklahoma! (1955)    - The Nun's Story (1959)    - The Sundowners (1960)    - A Man for All Seasons (1966) - This is the film in question, so we will not count it.  4. **Count the Films**: The films directed by Fred Zinnemann before 1967 are:    - The Search    - The Men    - High Noon    - From Here to Eternity    - Oklahoma!    - The Nun's Story    - The Sundowners     This gives us a total of 7 feature films.  5. **Final Count**: The number of feature films directed by Fred Zinnemann before 1967 is 7.  The number is: 7"
The Sound of Music,1966,"1. **Identify the Director**: The director of ""The Sound of Music"" (1965) is Robert Wise.  2. **Find Robert Wise's Filmography**: I will look for the feature films directed by Robert Wise before 1966.  3. **List of Feature Films Directed by Robert Wise Before 1966**:    - The Body Snatcher (1945)    - Born to Kill (1947)    - The Set-Up (1949)    - The Day the Earth Stood Still (1951)    - Destination Gobi (1953)    - This Could Be The Night (1957)    - Run Silent, Run Deep (1958)    - I Want to Live! (1958)    - The Haunting (1963)  4. **Count the Films**: The films listed above are:    - The Body Snatcher    - Born to Kill    - The Set-Up    - The Day the Earth Stood Still    - Destination Gobi    - This Could Be The Night    - Run Silent, Run Deep    - I Want to Live!    - The Haunting     This gives us a total of **9 feature films** directed by Robert Wise before 1966.  5. **Final Answer**: The number is: 9."
My Fair Lady,1965,"1. **Identify the Director**: The director of ""My Fair Lady"" (1964) is George Cukor.  2. **Research George Cukor's Filmography**: I need to find out how many feature films George Cukor directed before 1965.  3. **List of Feature Films Directed by George Cukor**:    - What Price Hollywood? (1932)    - A Bill of Divorcement (1932)    - Our Betters (1933)    - Little Women (1933)    - Dinner at Eight (1933)    - David Copperfield (1935)    - Romeo and Juliet (1936)    - Camille (1936)    - The Philadelphia Story (1940)    - Gaslight (1944)    - Adam's Rib (1949)    - Born Yesterday (1950)    - A Star Is Born (1954)    - Bhowani Junction (1956)  4. **Count the Films**: The films listed above are all feature films directed by George Cukor before 1965. There are 13 films in total.  5. **Final Answer**: The number is: 13."
Tom Jones,1964,Agent stopped due to max iterations.
Lawrence of Arabia,1963,"1. **Identify the Director**: The director of ""Lawrence of Arabia"" (1962) is David Lean.  2. **Find David Lean's Filmography**: David Lean directed a total of 17 feature films throughout his career.  3. **List of Feature Films Directed by David Lean Before 1963**:    - In Which We Serve (1942)    - This Happy Breed (1944)    - Brief Encounter (1945)    - Great Expectations (1946)    - Oliver Twist (1948)    - The Sound Barrier (1952)    - Hobson's Choice (1954)    - Summertime (1955)    - The Bridge on the River Kwai (1957)    - The Inn of the Sixth Happiness (1958)    - The Horse's Mouth (1958)    - Lawrence of Arabia (1962) - (not counted as it is the film in question)  4. **Count the Films**: The films directed by David Lean before ""Lawrence of Arabia"" (1962) are 11 in total.  The number is: 11"
West Side Story,1962,Agent stopped due to max iterations.
The Apartment,1961,"1. **Identify the Director**: The director of ""The Apartment"" (1961) is Billy Wilder.  2. **Research Billy Wilder's Filmography**: I will now look for a list of feature films directed by Billy Wilder before 1961.  3. **List of Feature Films Directed by Billy Wilder Before 1961**:    - The Major and the Minor (1942)    - Double Indemnity (1944)    - The Lost Weekend (1945)    - Sunset Boulevard (1950)    - Stalag 17 (1953)    - Sabrina (1954)    - The Seven Year Itch (1955)    - Witness for the Prosecution (1957)    - Some Like It Hot (1959)  4. **Count the Films**: The films listed above total to 9 feature films directed by Billy Wilder before 1961.  The number is: 9"
Ben-Hur,1960,"1. **Identify the Director**: The director of the 1960 film ""Ben-Hur"" is William Wyler.  2. **Research William Wyler's Filmography**: I need to find out how many feature films William Wyler directed before 1960.  3. **List of Feature Films Directed by William Wyler Before 1960**:    - Hell's Heroes (1929)    - The Love Trap (1929)    - The Shakedown (1929)    - The Front Page (1931)    - The Good Fairy (1935)    - Dodsworth (1936)    - Wuthering Heights (1939)    - The Letter (1940)    - The Little Foxes (1941)    - Mrs. Miniver (1942)    - The Best Years of Our Lives (1946)    - The Heiress (1949)    - Roman Holiday (1953)    - Friendly Persuasion (1956)    - The Big Country (1958)  4. **Count the Films**: Now, I will count the films listed above that were released before 1960.      - Total films: 15  5. **Final Statement**: The number is: 15."
Gigi,1959,"1. **Identify the Director**: The director of the movie ""Gigi"" (1958) is Vincente Minnelli.  2. **Find Filmography**: I need to look up the feature films directed by Vincente Minnelli before 1959.  3. **List of Feature Films Directed by Vincente Minnelli**:    - Cabin in the Sky (1943)    - Meet Me in St. Louis (1944)    - The Clock (1945)    - Ziegfeld Follies (1945)    - The Pirate (1948)    - Father of the Bride (1950)    - An American in Paris (1951)    - The Bad and the Beautiful (1952)    - Lust for Life (1956)  4. **Count the Films**: The films listed above are:    - Cabin in the Sky    - Meet Me in St. Louis    - The Clock    - Ziegfeld Follies    - The Pirate    - Father of the Bride    - An American in Paris    - The Bad and the Beautiful    - Lust for Life     This totals to **9 feature films** directed by Vincente Minnelli before 1959.  The number is: 9"
The Bridge on the River Kwai,1958,"1. **Identify the Director**: The director of ""The Bridge on the River Kwai"" (1957) is David Lean.  2. **Find David Lean's Filmography**: David Lean directed a total of 17 feature films throughout his career.  3. **List of Feature Films Directed by David Lean Before 1958**:    - In Which We Serve (1942)    - This Happy Breed (1944)    - Brief Encounter (1945)    - Great Expectations (1946)    - Oliver Twist (1948)    - The Sound Barrier (1952)    - Hobson's Choice (1954)    - Summertime (1955)  4. **Count the Films**: The films listed above are 8 feature films directed by David Lean before 1958.  The number is: 8"
Around the World in 80 Days,1957,Agent stopped due to max iterations.
Marty,1956,Agent stopped due to max iterations.
On the Waterfront,1955,"1. **Identify the Director**: The movie ""On the Waterfront"" (1954) was directed by Elia Kazan.  2. **Find Elia Kazan's Filmography**: I need to look for the feature-length films directed by Elia Kazan before 1955.  3. **List of Feature Films Directed by Elia Kazan Before 1955**:    - Gentleman's Agreement (1947)    - Pinky (1949)    - A Streetcar Named Desire (1951)    - On the Waterfront (1954)  4. **Count the Films**: The films directed by Elia Kazan before 1955 are:    - Gentleman's Agreement    - Pinky    - A Streetcar Named Desire    - On the Waterfront (not counted as it was released in 1954)     Therefore, the count of feature films directed before 1955 is 3.  The number is: 3"
From Here to Eternity,1954,"1. **Identify the Director**: The director of ""From Here to Eternity"" (1953) is Fred Zinnemann.  2. **Find Filmography**: I will now look for the feature films directed by Fred Zinnemann before 1954.  3. **List of Feature Films Directed by Fred Zinnemann**:    - The Search (1948)    - The Men (1950)    - High Noon (1952)    - From Here to Eternity (1953) - This is the film in question, so we will not count it.  4. **Count the Films**: The films directed by Fred Zinnemann before 1954 are:    - The Search (1948)    - The Men (1950)    - High Noon (1952)     This gives us a total of 3 feature films.  The number is: 3"
The Greatest Show on Earth,1953,"1. **Identify the Director**: The director of ""The Greatest Show on Earth"" (1952) is Cecil B. DeMille.  2. **Research Filmography**: I need to find out how many feature films Cecil B. DeMille directed before 1953.  3. **List of Feature Films**: According to the information retrieved, Cecil B. DeMille directed a total of 70 feature films between 1914 and 1958.  4. **Identify Films Before 1953**: I will now list the feature films directed by DeMille before 1953. Some notable films include:    - The Squaw Man (1914)    - The Ten Commandments (1923)    - The King of Kings (1927)    - The Sign of the Cross (1932)    - Cleopatra (1934)    - Samson and Delilah (1949)    - The Greatest Show on Earth (1952) - This is included but not counted as it is the film in question.  5. **Count the Films**: I will count all the feature films directed by DeMille that were released before 1953. The films listed above, along with others he directed, total to 29 feature films released before 1953.  6. **Final Count**: After counting all the films directed by Cecil B. DeMille before 1953, the total is 29.  The number is: 29."
An American in Paris,1952,"1. **Identify the Director**: The director of ""An American in Paris"" (1951) is Vincente Minnelli.  2. **Find Filmography**: I need to look up the feature films directed by Vincente Minnelli before 1952.  3. **List of Feature Films Directed by Vincente Minnelli**:    - Cabin in the Sky (1943)    - Meet Me in St. Louis (1944)    - The Clock (1945)    - Ziegfeld Follies (1945)    - The Pirate (1948)    - Father of the Bride (1950)    - An American in Paris (1951)  4. **Count the Films**: The films directed by Vincente Minnelli before 1952 are:    - Cabin in the Sky    - Meet Me in St. Louis    - The Clock    - Ziegfeld Follies    - The Pirate    - Father of the Bride     This gives us a total of **6 feature films** directed before 1952.  5. **Final Answer**: The number is: 6."
All About Eve,1951,Agent stopped due to max iterations.
All the Kings Men,1950,Agent stopped due to max iterations.
Hamlet,1949,Agent stopped due to max iterations.
Gentleman's Agreement,1948,"1. **Identify the Director**: The director of ""Gentleman's Agreement"" (1947) is Elia Kazan.  2. **Research Elia Kazan's Filmography**: I need to find out which feature films Elia Kazan directed before 1948.  3. **List of Films Directed by Elia Kazan Before 1948**:    - ""A Tree Grows in Brooklyn"" (1945)    - ""Gentleman's Agreement"" (1947) - This is not counted as it was released in 1947.    - ""Boomerang!"" (1947) - This is also not counted as it was released in 1947.    - ""The Sea of Grass"" (1947) - This is also not counted as it was released in 1947.  4. **Count the Feature Films**: The only feature film directed by Elia Kazan before 1948 is ""A Tree Grows in Brooklyn"" (1945).  5. **Final Count**: Therefore, the total number of feature films directed by Elia Kazan before 1948 is 1.  The number is: 1"
The Best Years of Our Lives,1947,"1. The director of ""The Best Years of Our Lives"" (1946) is William Wyler. 2. I will now look up William Wyler's filmography to find all feature-length films he directed before 1947. 3. According to the information retrieved, William Wyler directed the following feature films before 1947:    - ""Dodsworth"" (1936)    - ""Wuthering Heights"" (1939)    - ""The Letter"" (1940)    - ""The Little Foxes"" (1941)    - ""Mrs. Miniver"" (1942)    - ""The Best Years of Our Lives"" (1946) - This is not counted as it was released in 1946. 4. Counting the films listed above, we have:    - ""Dodsworth"" (1936)    - ""Wuthering Heights"" (1939)    - ""The Letter"" (1940)    - ""The Little Foxes"" (1941)    - ""Mrs. Miniver"" (1942)  This gives us a total of 5 feature films directed by William Wyler before 1947.  The number is: 5"
The Lost Weekend,1946,"1. **Identify the Director**: The director of ""The Lost Weekend"" (1945) is Billy Wilder.  2. **Find Billy Wilder's Filmography**: I will look for the feature-length films directed by Billy Wilder before 1946.  3. **List of Films Directed by Billy Wilder Before 1946**:    - The Major and the Minor (1942)    - Double Indemnity (1944)    - The Lost Weekend (1945) - This is the film in question, so we will not count it.  4. **Count the Feature Films**: The films directed by Billy Wilder before ""The Lost Weekend"" are:    - The Major and the Minor (1942)    - Double Indemnity (1944)     This gives us a total of 2 feature films directed by Billy Wilder before 1946.  The number is: 2"
Going My Way,1945,"1. **Identify the Director**: The movie ""Going My Way"" (1944) was directed by Leo McCarey.  2. **Research Leo McCarey's Filmography**: I need to find out how many feature films Leo McCarey directed before 1945.  3. **List of Films Directed by Leo McCarey Before 1945**:    - **Six of a Kind** (1934)    - **Ruggles of Red Gap** (1935)    - **The Awful Truth** (1937)    - **Make Way for Tomorrow** (1937)    - **Love Affair** (1939)    - **The Bells of St. Mary's** (1945) - This film is directed in 1945, so it should not be counted.  4. **Count the Films**: The films directed by Leo McCarey before 1945 are:    - Six of a Kind    - Ruggles of Red Gap    - The Awful Truth    - Make Way for Tomorrow    - Love Affair     This gives us a total of **5 feature films** directed by Leo McCarey before 1945.  5. **Final Answer**: The number is: 5."
Casablanca,1944,"1. **Identify the Director**: The movie ""Casablanca"" (1942) was directed by Michael Curtiz.  2. **Research Michael Curtiz's Filmography**: Michael Curtiz directed a total of 178 films throughout his career, including both silent and sound films.  3. **List Feature Films Before 1944**: We need to find all feature-length films directed by Michael Curtiz that were released before 1944.   4. **Count the Films**: After reviewing the films directed by Michael Curtiz before 1944, we will count them.  Based on the information gathered, here are the feature films directed by Michael Curtiz before 1944:  - The Third Degree (1926) - Noah's Ark (1928) - Doctor X (1932) - Mystery of the Wax Museum (1933) - Captain Blood (1935) - The Charge of the Light Brigade (1936) - The Adventures of Robin Hood (1938) - Dodge City (1939) - The Sea Hawk (1940) - Kid Galahad (1937) - Angels with Dirty Faces (1938) - Four Daughters (1938) - The Sea Wolf (1941) - Yankee Doodle Dandy (1942)  5. **Count the Films**: The films listed above total **13 feature films** directed by Michael Curtiz before 1944.  The number is: 13"
Mrs. Miniver,1943,"1. **Identify the Director**: The movie ""Mrs. Miniver"" (1942) was directed by William Wyler.  2. **Research William Wyler's Filmography**: I need to find out how many feature films William Wyler directed before 1943.  3. **List of Feature Films Directed by William Wyler Before 1943**:    - Dodsworth (1936)    - Wuthering Heights (1939)    - The Letter (1940)    - The Little Foxes (1941)  4. **Count the Films**: The films listed above are four feature films directed by William Wyler before 1943.  5. **Final Count**: The number of feature films directed by William Wyler before ""Mrs. Miniver"" (1942) is 4.  The number is: 4"
How Green Was My Valley,1942,Agent stopped due to max iterations.
Rebecca,1941,"1. **Identify the Director of ""Rebecca"" (1940)**: The movie ""Rebecca"" was directed by Alfred Hitchcock.  2. **Find Hitchcock's Filmography**: I need to look at the list of feature films directed by Alfred Hitchcock before 1941.  3. **List of Feature Films Directed by Alfred Hitchcock Before 1941**:    - The Pleasure Garden (1925)    - The Lodger: A Story of the London Fog (1927)    - Blackmail (1929)    - The 39 Steps (1935)    - The Lady Vanishes (1938)    - Rebecca (1940)  4. **Count the Feature Films**: The films directed by Hitchcock before ""Rebecca"" (1940) are:    - The Pleasure Garden    - The Lodger: A Story of the London Fog    - Blackmail    - The 39 Steps    - The Lady Vanishes     This totals to **5 feature films** directed before ""Rebecca"".  5. **Final Count**: Now, I will count the films directed before ""Rebecca"" and confirm the total.  The number is: 5"
